mapping,family,max_rel_err_Mx,max_rel_err_My,max_rel_err_strain_prestressed,max_rel_err_compress_force,max_rel_err_kappa,delta_refined_minus_baseline_max_rel_err_Mx,delta_refined_minus_baseline_max_rel_err_My,delta_refined_minus_baseline_max_rel_err_strain_prestressed,delta_refined_minus_baseline_max_rel_err_compress_force,delta_refined_minus_baseline_max_rel_err_kappa
baseline,snit_a,0.01018401761428268,0.003972121158706141,2.0111833204000704,1.7945786894858,0.0047956443531201095,0.016918140811793114,-0.001511184253065474,0.012895489089204126,-0.062463097999035266,0.013646590865892724
refined,snit_a,0.027102158426075794,0.0024609369056406666,2.0240788094892745,1.7321155914867647,0.018442235219012833,0.016918140811793114,-0.001511184253065474,0.012895489089204126,-0.062463097999035266,0.013646590865892724
baseline,snit_b,0.010513315875347781,0.0037450212763953054,2.0132519634680768,1.4579494013827143,0.0035976880592358037,0.01710567501482288,-0.0025987612161223307,0.0011027420442912828,-0.05503708025282106,0.013943935513588931
refined,snit_b,0.027618990890170662,0.0011462600602729744,2.014354705512368,1.4029123211298933,0.017541623572824735,0.01710567501482288,-0.0025987612161223307,0.0011027420442912828,-0.05503708025282106,0.013943935513588931
baseline,snit_c,0.010566743050442712,0.003729709615404543,2.0115353493004253,1.4522660296995331,0.0029254952840037035,0.017008932818037118,-0.0025971241389157558,0.005048949738086339,-0.05485170174184639,0.0145133537863632
refined,snit_c,0.02757567586847983,0.0011325854764887874,2.0165842990385117,1.3974143279576867,0.017438849070366903,0.017008932818037118,-0.0025971241389157558,0.005048949738086339,-0.05485170174184639,0.0145133537863632
baseline,snit_d,0.009496906196294591,0.003729709615404543,2.0006153068464982,1.4522660296995331,0.0035267671616845066,0.01917809020287658,-0.0025971241389157558,0.011837043107877143,-0.05485170174184639,0.014537490902520139
refined,snit_d,0.02867499639917117,0.0011325854764887874,2.0124523499543754,1.3974143279576867,0.018064258064204645,0.01917809020287658,-0.0025971241389157558,0.011837043107877143,-0.05485170174184639,0.014537490902520139
