mapping,family,max_rel_err_Mx,max_rel_err_My,max_rel_err_strain_prestressed,max_rel_err_compress_force,max_rel_err_kappa,delta_refined_minus_baseline_max_rel_err_Mx,delta_refined_minus_baseline_max_rel_err_My,delta_refined_minus_baseline_max_rel_err_strain_prestressed,delta_refined_minus_baseline_max_rel_err_compress_force,delta_refined_minus_baseline_max_rel_err_kappa
baseline,snit_a,0.014991720972103963,0.0063159015242715225,2.0160030930471287,1.8031324908629793,0.006461036076105418,0.007427895725931808,-0.0062387189118689925,0.013011987315274975,-0.059984050170085235,0.02204554612801725
refined,snit_a,0.02241961669803577,7.718261240252993e-05,2.0290150803624036,1.743148440692894,0.028506582204122666,0.007427895725931808,-0.0062387189118689925,0.013011987315274975,-0.059984050170085235,0.02204554612801725
baseline,snit_b,0.01539127947362884,0.005885381437245393,2.022349650925316,1.4649749670265655,0.01676810600236751,0.007479452822043332,-0.004849516507998534,0.0005569727834089377,-0.05522388997296446,0.009263010209352072
refined,snit_b,0.022870732295672172,0.0010358649292468588,2.022906623708725,1.409751077053601,0.026031116211719583,0.007479452822043332,-0.004849516507998534,0.0005569727834089377,-0.05522388997296446,0.009263010209352072
baseline,snit_c,0.01544923061090369,0.005866392485544645,2.020664219045916,1.4592662917457229,0.015128705477443249,0.007373837266845193,-0.004820496043268797,0.003762706001971594,-0.05503791645455469,0.011775653253308602
refined,snit_c,0.022823067877748883,0.0010458964422758478,2.0244269250478877,1.4042283752911682,0.02690435873075185,0.007373837266845193,-0.004820496043268797,0.003762706001971594,-0.05503791645455469,0.011775653253308602
baseline,snit_d,0.014344290636897765,0.005866392485544505,2.0054385067371756,1.4592662917457229,0.005985823876204029,0.009612267109583615,-0.004820496043268657,0.011950745678348085,-0.05503791645455469,0.021896779435906497
refined,snit_d,0.02395655774648138,0.0010458964422758478,2.0173892524155237,1.4042283752911682,0.027882603312110527,0.009612267109583615,-0.004820496043268657,0.011950745678348085,-0.05503791645455469,0.021896779435906497
