variant,max_rel_err_strain_mild,max_rel_err_strain_prestressed,max_rel_err_Mx,max_rel_err_My,max_rel_err_kappa,max_rel_err_compress_force,delta_vs_baseline_max_rel_err_strain_mild,delta_vs_baseline_max_rel_err_strain_prestressed,delta_vs_baseline_max_rel_err_Mx,delta_vs_baseline_max_rel_err_My,delta_vs_baseline_max_rel_err_kappa,delta_vs_baseline_max_rel_err_compress_force
baseline,0.8039625551908903,0.993998007270329,0.00011251455858352603,5.4136473249119476e-05,0.40347618778380756,0.5812405562479507,0.0,0.0,0.0,0.0,0.0,0.0
mild_perfect_plastic,0.8039625551908903,0.993998007270329,0.00011251455858352603,5.4136473249119476e-05,0.40347618778380756,0.5812405562479507,0.0,0.0,0.0,0.0,0.0,0.0
mild_perfect_plastic_plus_prestress_soft,0.8039625551908903,0.993998007270329,0.00011251455858352603,5.4136473249119476e-05,0.40347618778380756,0.5812405562479507,0.0,0.0,0.0,0.0,0.0,0.0
prestress_soft_post_yield,0.8039625551908903,0.993998007270329,0.00011251455858352603,5.4136473249119476e-05,0.40347618778380756,0.5812405562479507,0.0,0.0,0.0,0.0,0.0,0.0
