mapping,family,max_rel_err_Mx,max_rel_err_My,max_rel_err_strain_prestressed,max_rel_err_compress_force,max_rel_err_kappa,delta_refined_minus_baseline_max_rel_err_Mx,delta_refined_minus_baseline_max_rel_err_My,delta_refined_minus_baseline_max_rel_err_strain_prestressed,delta_refined_minus_baseline_max_rel_err_compress_force,delta_refined_minus_baseline_max_rel_err_kappa
baseline,snit_a,0.01018401761428268,0.003972121158706141,0.011183320400070586,0.0002824346720739666,0.0047956443531201095,0.016918140811793114,-0.001511184253065474,0.012895489089203975,1.7318331568146907,0.013646590865892724
refined,snit_a,0.027102158426075794,0.0024609369056406666,0.02407880948927456,1.7321155914867647,0.018442235219012833,0.016918140811793114,-0.001511184253065474,0.012895489089203975,1.7318331568146907,0.013646590865892724
baseline,snit_b,0.010513315875347781,0.0037450212763953054,0.01325196346807663,0.000678907122670108,0.0035976880592358037,0.01710567501482288,-0.0025987612161223307,0.0011027420442914597,0.001531393090314439,0.013943935513588931
refined,snit_b,0.027618990890170662,0.0011462600602729744,0.01435470551236809,0.0022103002129845468,0.017541623572824735,0.01710567501482288,-0.0025987612161223307,0.0011027420442914597,0.001531393090314439,0.013943935513588931
baseline,snit_c,0.010566743050442712,0.003729709615404543,0.5027932566454604,0.0009262566290863856,0.0029254952840037035,0.017008932818037118,-0.0025971241389157558,-0.002623595595254602,0.005497826800633912,0.0145133537863632
refined,snit_c,0.02757567586847983,0.0011325854764887874,0.5001696610502058,0.006424083429720298,0.017438849070366903,0.017008932818037118,-0.0025971241389157558,-0.002623595595254602,0.005497826800633912,0.0145133537863632
baseline,snit_d,0.009496906196294591,0.003729709615404543,0.0013551702961003566,0.00022669366505645986,0.0035267671616845066,0.01917809020287658,-0.0025971241389157558,0.011097179658275015,-0.00019083673732827927,0.014537490902520139
refined,snit_d,0.02867499639917117,0.0011325854764887874,0.012452349954375372,3.58569277281806e-05,0.018064258064204645,0.01917809020287658,-0.0025971241389157558,0.011097179658275015,-0.00019083673732827927,0.014537490902520139
